,Judul Berita
0,"Budiman Tiba di Istana, Bakal Dilantik Jadi Kepala Badan Urus Kemiskinan"
1,Siap-siap! Pelanggar Ops Zebra Terkena E-TLE Bakal Dikirim 'Surat Cinta'
2,"Isi Obrolan Prabowo, Veronica Tan dan Sean Saat Pelantikan di Istana"
3,Video: Raffi Ahmad Tiba di Istana Negara Hadiri Pelantikan Kepala Badan
4,"Ada Dua Kecelakaan Truk di Jakbar Pagi Ini, Lalin Macet"
5,Muhammadiyah Yakin Menag Nasaruddin Bisa Suburkan Kehidupan Beragama
6,"Truk Kontainer Tabrak Separator, Lalin Layang Gelong Jakbar Macet"
7,Raffi Ahmad Tiba di Istana Jelang Pelantikan Utusan Khusus-Kepala Badan
8,Partai Garuda Kecam Aksi Penyorakan Kaesang-Bobby di Pelantikan Prabowo
9,Saat Kabinet Era Prabowo-Gibran Kompak Berdasi Biru dan Batik Cokelat
10,"Truk Terbalik di GT Cikunir 1, Lalin Arah Cikampek Macet"
11,Politikus NasDem soal Nama Kabinet Merah Putih: Tanda Bersatunya Kita Semua
12,Video: Israel Klaim Temukan Bunker Emas-Uang Hizbullah di Bawah RS di Beirut
13,Cerita Menko Baru Era Prabowo Belum Tahu Ngantor di Mana
14,"PGI Puji Nasaruddin Umar Jadi Menag: Ulama-Negarawan, Bukan Politikus"
15,"Sertijab dengan AHY, Nusron Wahid Kirim Doa untuk Ani Yudhoyono"
16,"Presiden Berganti, Luhut Tetap Dapat Posisi"
17,Warga Kuba Depresi Hidup Tanpa Listrik
18,Menanti Gebrakan Kabinet Merah Putih
19,Golkar soal Nama Kabinet Merah Putih: Kerja untuk Negara dan Rakyat
20,Anwar Abbas Ucap Selamat ke Menag Nasaruddin Umar: Pengalamannya Sudah Teruji
21,"Menteri ATR Nusron Ungkap 3 Pesan Prabowo, Konsesi Lahan-Sengketa Tanah"
22,Eks Presiden Peru Alejandro Toledo Divonis 20 Tahun Bui di Kasus Korupsi
23,"Kecelakaan Truk Tabrak Pembatas Busway di Tomang Arah Slipi Jakbar, Lalin Macet"
24,Terkuak Modus Pinjam Ponsel Ternyata Maling di Tebet Eco Park
25,"Usai Dilantik, Menteri & WamenPAN-RB Fokus Program Prioritas Presiden"
26,Boyamin Saiman Harap Menko Yusril Segera Sahkan RUU Perampasan Aset
27,Perkara Kalung Bisa Dapat Gratis Bikin Sandra Dewi Omeli Harvey Moeis
28,"Ada 29 Kementerian Baru di Kabinet Prabowo, PKS Harap Koordinasi Kuat"
29,6 Fakta Brand Ambassador Judi Slot Bogor Terancam 10 Tahun Penjara
30,22 Oktober Memperingati Hari Apa? Ada Hari Santri dan Peringatan Lainnya
31,Komunitas Buddha Nilai Menag Nasaruddin Bisa Ciptakan Kerukunan Umat
32,Kesaksian Sandra Dewi Dibelikan Harvey Moeis iPhone Setiap Tahun
33,Prabowo Akan Lantik Kepala Badan di Istana Negara Hari Ini
34,"Prabowo Beri Nama Kabinet Merah Putih, PKB: Nasionalisme yang Tinggi"
35,"Video: Israel Serang Damaskus Suriah, 2 Orang Tewas"
36,Video: Duet Pengacara Kondang Yusril-Otto di Kabinet Prabowo Kawal Bidang Hukum
37,Siskaeee Kapok Bikin Konten Dewasa Usai Divonis Penjara
38,"Israel Gempur Beirut Selatan Usai Seruan Evakuasi, 4 Orang Tewas"
39,Video: Penampakan Jalan Trans Sulawesi Lumpuh Total gegara Banjir
40,"Video Viral Pemotor Masuk Jalan Tol di Klaten, Akhirnya Putar Balik"
41,"Video: Hari Ke-2 Jabat Presiden, Prabowo Kembali Temui Sejumlah Kepala Negara"
42,"Perahu Kelebihan Muatan Tenggelam di Myanmar, 11 Penumpang Tewas"
43,Video Taufik Hidayat Ungkap Pesan Presiden Prabowo: Olahraga Harus Maju
44,"Berburu Ayam Hutan, Warga di Blitar Tewas Tertembak Senapan Angin Teman"
45,Istri RK Apresiasi Prabowo Ingin Rangkul Semua: Kita Tak Bisa Sendirian
46,"Video: Jadi Menko Pemberdayaan Masyarakat, Ini Target Cak Imin"
47,Video: Plt Bupati Maros Diperiksa Bawaslu soal Dugaan Kampanye Kotak Kosong
48,Hizbullah Serang Pangkalan Intelijen Militer Israel Dekat Tel Aviv
49,"Ngaku Intel Korem Todong Warga, Residivis Begal di Lampung Ditangkap"
50,Video: Menteri HAM Natalius Pigai Minta Anggaran Kementerian Rp 20 Triliun
51,"Gempa M 3,6 Getarkan Tanggamus Lampung"
52,Video: Cerita Otto Dilarang Istri Jadi Menteri Prabowo Hingga Jadi Wakil Yusril
53,"Luhut Ketua Dewan Ekonomi Nasional, Bahlil Yakin Pikiran Besar Dibutuhkan"
54,"7 Orang Hilang Saat Tamasya ke Curug Kebul Garut, Juru Kunci Turun Tangan"
55,"BATAVIA Highball Whisky Soda MIX, Sensasi Segar & Unik di Setiap Tegukan"
56,"Airlangga Tak Hadir Syukuran HUT Golkar, Bahlil Ungkap Alasannya"
57,Polres Gelar Doa Bersama Santri-Ulama Se-Serang untuk Pilkada Damai
58,"Bahlil: Ngeri, Katanya Dewan Ekonomi Nasional Bisa Panggil-panggil Menteri"
59,Menlu Sugiono Bakal Langsung Terbang ke Rusia Hadiri KTT BRICS
60,Bahlil Cerita Golkar Dapat 8 Kursi Menteri Usai Ketua MPR Diberi ke Sahabat
61,KPK Ingatkan Menteri-Wamen yang Baru Dilantik Segera Laporkan Hartanya
62,Maruarar Bakal Temui Jaksa Agung Bahas Tanah Sitaan untuk Rumah Rakyat
63,"Video Luhut Masuk Kabinet Merah Putih, Bahlil: Negara Masih Butuh"
64,Video Ipda Rudy Soik Dijemput Paksa Provos Polda NTT
65,Gulen Rival Erdogan Meninggal dalam Pengasingan
66,"BPBD: Atap Stadion Wibawa Mukti yang Lepas Bangunan Lama, Tak Ada Korban"
67,Mendikti Saintek Ungkap Pesan Prabowo: Mulai Kerja Tak Ada Menunggu
68,Video Bahlil Ungkap Proses Golkar Dapat 8 Kursi di Kabinet Merah Putih
69,Kunci Pemberantasan Mafia Tanah Versi Menteri ATR Nusron Wahid
70,Supratman: Kemenkumham Siap Bertransformasi dalam Kabinet Merah Putih
71,Video: Yusril Puji Langkah Prabowo Pecah Kemenkumham Jadi 3 Kementerian
72,Video: Bahlil Jelaskan Ketidakhadiran Airlangga di Tasyakuran HUT Golkar
73,Fahri Hamzah Ungkap Pesan Pak Bas soal Pemisahan PUPR
74,Video: Komandan Militer Israel Tewas Terkena Bahan Peledak di Gaza
75,Video: Kelakar Yusril soal Otto Jadi Wakilnya: Ini Bos Saya di Peradi
76,Bahlil Ungkap Kader Golkar Dilantik Jadi Pejabat Setingkat Menteri Besok
77,Video: Israel Bombardir Badan Keuangan yang Mendanai Hizbullah
78,Video: Serda Adan Divonis Bui Seumur Hidup di Kasus Pembunuhan Eks Casis
79,Tugas 2 Wamendagri: Ribka Haluk Urus Papua-Bima Arya Politik Pemerintahan
80,"Menteri ATR Nusron: Pak AHY Jangan Khawatir, Semua Kami Lanjutkan"
81,Potret Donald Trump Mendadak Jadi Pelayan Restoran Cepat Saji
82,"Hujan Deras dan Angin di Bekasi, Atap Stadion Wibawa Mukti Terempas"
83,Menteri HAM Natalius Pigai Ingin Anggarannya Rp 20 T
84,"Jadi Wamenlu, Arif Havas Oegroseno Kaget Ditelepon Saat Nyetir di Berlin"
85,Pemasangan Foto Presiden dan Wapres di Sekolah hingga Instansi
86,Mendikti Saintek soal Masalah UKT: Tidak Ada Mahasiswa Tak Bisa Kuliah
87,"Sama-sama Urusi HAM, Pigai Jelaskan Beda Kementeriannya dengan Komnas HAM"
88,Sungai Amazon Kolombia Dilanda Kekeringan Parah
89,Menlu Sugiono Ungkap Pesan Retno Marsudi Saat Sertijab
90,"Golkar Syukuran HUT Ke-60, Senior hingga Menteri Kabinet Hadir"
91,Otto Hasibuan Cerita Sempat Dilarang Istri Gabung Kabinet
92,Prabowo Lantik Rini Widyantini Jadi MenPAN-RB Periode 2024-2029
93,Menteri PPPA Ungkap Pesan Prabowo agar Fokus Peningkatan Kesehatan-Gizi Anak
94,Teriakan 'Bukan Raja Saya' ke Raja Charles di Parlemen Australia
95,Transisi Kepegawaian di Kantor Kemenkumham Ditarget Selesai 2025
96,AHY Ungkap 5 Kementerian di Bawah Kemenko Infrastruktur
97,"Kemenkumham Dipecah 3, Yusril Harap Pekerjaan Dapat Lebih Fokus"
98,"Video: Jadi Menteri Prabowo, Agus Andrianto Mundur dari Wakapolri"
99,Israel Tangkap 7 Warganya yang Jadi Mata-mata Iran
